Truth,A30C,S42C,Q62C,A78C,A107C,A124C,S129C
A30C,0.9826086956521738,0.0,0.02028985507246377,0.018115942028985508,0.0,0.0,0.0
S42C,0.0,0.6727272727272728,0.17575757575757575,0.15151515151515155,0.0,0.0,0.0
Q62C,0.0,0.027479091995221028,0.935483870967742,0.04420549581839904,0.0,0.0,0.0
A78C,0.0,0.029333333333333336,0.11920000000000001,0.8224,0.032,0.0,0.0
A107C,0.0,0.0,0.011061946902654867,0.047787610619469026,0.947787610619469,0.0,0.0
A124C,0.0,0.0,0.0,0.0,0.0,0.9314049586776859,0.06859504132231406
S129C,0.0,0.0,0.0,0.0,0.0,0.41538461538461535,0.5846153846153846
