,precision,recall
A107C,0.963996399639964,0.947787610619469
A124C,0.9125506072874494,0.9314049586776859
A30C,1.0,0.9826086956521739
A78C,0.8756388415672913,0.8224
Q62C,0.7988980716253443,0.9354838709677419
S129C,0.6468085106382979,0.5846153846153846
S42C,0.7985611510791367,0.6727272727272727
