pred,counts,frac
A107C,115,0.2405857740585774
A30C,65,0.13598326359832635
A78C,124,0.2594142259414226
Q62C,135,0.2824267782426778
S42C,39,0.08158995815899582
