pred,counts,frac
A107C,103,0.1263803680981595
A124C,282,0.3460122699386503
A78C,221,0.27116564417177913
Q62C,162,0.19877300613496932
S129C,47,0.05766871165644172
