Truth,A30C,S42C,Q62C,A78C,A107C,A124C,S129C
A30C,0.0,0.0,0.0,0.0,0.0,0.0,0.0
S42C,0.0,0.37662337662337664,0.6831168831168832,0.13896103896103895,0.06753246753246753,0.029220779220779224,0.016697588126159558
Q62C,0.0,0.11827956989247312,0.5139784946236559,0.3967741935483871,0.040860215053763436,0.016897081413210446,0.018433179723502308
A78C,0.0,0.0,0.12935779816513765,0.7720183486238532,0.07018348623853211,0.028440366972477066,0.0
A107C,0.0,0.0,0.015037593984962405,0.143609022556391,0.7037593984962405,0.12180451127819547,0.02330827067669173
A124C,0.0,0.0,0.004132231404958678,0.013636363636363637,0.02603305785123967,0.9152892561983472,0.04462809917355372
S129C,0.0,0.0,0.0,0.0,0.03571428571428571,0.3403846153846154,0.6346153846153847
