,precision,recall
A107C,0.7458167330677291,0.7037593984962406
A124C,0.8374291115311909,0.9152892561983471
A78C,0.7062526227444398,0.7720183486238532
Q62C,0.36854279105628374,0.513978494623656
S129C,0.673469387755102,0.6346153846153846
S42C,0.725,0.07532467532467532
