pred,counts,frac
A107C,111,0.1361963190184049
A124C,268,0.32883435582822085
A78C,254,0.3116564417177914
Q62C,98,0.12024539877300613
S129C,44,0.053987730061349694
S42C,40,0.049079754601226995
