pred,counts,frac
A107C,113,0.15543328748280605
A124C,239,0.328748280605227
A30C,69,0.09491059147180192
A78C,127,0.1746905089408528
Q62C,95,0.13067400275103164
S129C,55,0.07565337001375516
S42C,29,0.039889958734525444
