pred,counts,frac
A107C,122,0.14969325153374233
A124C,262,0.3214723926380368
A78C,233,0.28588957055214725
Q62C,148,0.18159509202453988
S129C,50,0.06134969325153374
