pred,counts,frac
A107C,127,0.1558282208588957
A124C,271,0.3325153374233129
A78C,229,0.2809815950920245
Q62C,145,0.17791411042944785
S129C,43,0.05276073619631902
