pred,counts,frac
A107C,108,0.1485557083906465
A124C,245,0.33700137551581844
A30C,67,0.0921595598349381
A78C,122,0.16781292984869325
Q62C,110,0.15130674002751032
S129C,49,0.06740027510316368
S42C,26,0.03576341127922971
