pred,counts,frac
A107C,113,0.23640167364016737
A30C,62,0.1297071129707113
A78C,123,0.25732217573221755
Q62C,137,0.28661087866108786
S42C,43,0.0899581589958159
