pred,counts,frac
A107C,116,0.24267782426778242
A30C,64,0.13389121338912133
A78C,124,0.2594142259414226
Q62C,137,0.28661087866108786
S42C,37,0.07740585774058577
