pred,counts,frac
A107C,119,0.2489539748953975
A30C,71,0.14853556485355648
A78C,120,0.2510460251046025
Q62C,143,0.29916317991631797
S42C,25,0.05230125523012552
