pred,counts,frac
A107C,126,0.15460122699386503
A124C,261,0.3202453987730061
A78C,251,0.3079754601226994
Q62C,125,0.15337423312883436
S129C,52,0.0638036809815951
