Truth,A30C,S42C,Q62C,A78C,A107C,A124C,S129C
A30C,0.855072463768116,0.08260869565217391,0.030595813204508857,0.021739130434782608,0.024154589371980676,0.0,0.0
S42C,0.0,0.7272727272727273,0.11212121212121211,0.12727272727272726,0.047619047619047616,0.0,0.0
Q62C,0.023913043478260867,0.027375201288244763,0.8710144927536232,0.07391304347826086,0.009316770186335404,0.0,0.0
A78C,0.019,0.033600000000000005,0.088,0.8416,0.0216,0.0,0.0
A107C,0.0,0.0,0.017699115044247787,0.02654867256637168,0.963716814159292,0.0,0.0
A124C,0.0,0.0,0.0,0.0,0.0,0.0,0.0
S129C,0.0,0.0,0.0,0.0,0.0,0.0,0.0
