,precision,recall
A107C,0.946133796698523,0.963716814159292
A30C,0.9190031152647975,0.855072463768116
A78C,0.8538961038961039,0.8416
Q62C,0.869753979739508,0.8710144927536232
S42C,0.6434316353887399,0.7272727272727273
