pred,counts,frac
A107C,112,0.15405777166437415
A124C,246,0.33837689133425036
A30C,68,0.09353507565337002
A78C,122,0.16781292984869325
Q62C,108,0.1485557083906465
S129C,48,0.06602475928473177
S42C,23,0.03163686382393398
