pred,counts,frac
A107C,116,0.24267782426778242
A30C,55,0.11506276150627615
A78C,114,0.2384937238493724
Q62C,147,0.3075313807531381
S42C,46,0.09623430962343096
