pred,counts,frac
A107C,116,0.24267782426778242
A30C,71,0.14853556485355648
A78C,126,0.26359832635983266
Q62C,129,0.2698744769874477
S42C,36,0.07531380753138076
