pred,counts,frac
A107C,113,0.15543328748280605
A124C,255,0.35075653370013754
A30C,66,0.0907840440165062
A78C,117,0.1609353507565337
Q62C,102,0.14030261348005502
S129C,39,0.05364511691884457
S42C,35,0.048143053645116916
