pred,counts,frac
A107C,134,0.16441717791411042
A124C,261,0.3202453987730061
A78C,225,0.27607361963190186
Q62C,104,0.1276073619631902
S129C,51,0.06257668711656442
S42C,40,0.049079754601226995
