pred,counts,frac
A107C,134,0.16441717791411042
A124C,259,0.3177914110429448
A78C,235,0.2883435582822086
Q62C,133,0.16319018404907976
S129C,54,0.06625766871165645
