pred,counts,frac
A107C,135,0.1656441717791411
A124C,266,0.3263803680981595
A78C,245,0.3006134969325153
Q62C,114,0.13987730061349693
S129C,55,0.06748466257668712
