pred,counts,frac
A107C,106,0.14580467675378267
A124C,246,0.33837689133425036
A30C,68,0.09353507565337002
A78C,113,0.15543328748280605
Q62C,116,0.15955983493810177
S129C,48,0.06602475928473177
S42C,30,0.04126547455295736
