pred,counts,frac
A107C,208,0.21621621621621623
A124C,247,0.25675675675675674
A78C,260,0.2702702702702703
S42C,247,0.25675675675675674
