pred,counts,frac
A107C,197,0.2118279569892473
A124C,225,0.24193548387096775
A78C,252,0.2709677419354839
S42C,256,0.2752688172043011
