pred,counts,frac
A107C,68,0.19101123595505617
A124C,110,0.3089887640449438
A78C,92,0.25842696629213485
S42C,86,0.24157303370786518
