pred,counts,frac
A107C,54,0.2488479262672811
A124C,56,0.25806451612903225
A78C,43,0.19815668202764977
S42C,64,0.29493087557603687
