pred,counts,frac
A107C,59,0.1891025641025641
A124C,86,0.27564102564102566
A78C,86,0.27564102564102566
S42C,81,0.25961538461538464
