pred,counts,frac
A107C,113,0.15543328748280605
A124C,244,0.3356258596973865
A30C,68,0.09353507565337002
A78C,117,0.1609353507565337
Q62C,113,0.15543328748280605
S129C,50,0.0687757909215956
S42C,22,0.030261348005502064
