pred,counts,frac
A107C,114,0.15680880330123798
A124C,243,0.3342503438789546
A30C,69,0.09491059147180192
A78C,119,0.16368638239339753
Q62C,97,0.13342503438789546
S129C,51,0.07015130674002751
S42C,34,0.04676753782668501
