pred,counts,frac
A107C,114,0.15680880330123798
A124C,252,0.3466299862448418
A30C,67,0.0921595598349381
A78C,102,0.14030261348005502
Q62C,124,0.17056396148555708
S129C,42,0.0577716643741403
S42C,26,0.03576341127922971
