pred,counts,frac
A107C,115,0.2405857740585774
A30C,70,0.14644351464435146
A78C,132,0.27615062761506276
Q62C,129,0.2698744769874477
S42C,32,0.06694560669456066
