pred,counts,frac
A107C,130,0.15950920245398773
A124C,261,0.3202453987730061
A78C,247,0.3030674846625767
Q62C,134,0.16441717791411042
S129C,43,0.05276073619631902
