pred,counts,frac
A107C,133,0.16319018404907976
A124C,254,0.3116564417177914
A78C,243,0.298159509202454
Q62C,134,0.16441717791411042
S129C,51,0.06257668711656442
