pred,counts,frac
A107C,113,0.23640167364016737
A30C,63,0.13179916317991633
A78C,122,0.25523012552301255
Q62C,143,0.29916317991631797
S42C,37,0.07740585774058577
