pred,counts,frac
A107C,106,0.14580467675378267
A124C,254,0.3493810178817056
A30C,69,0.09491059147180192
A78C,119,0.16368638239339753
Q62C,109,0.1499312242090784
S129C,40,0.055020632737276476
S42C,30,0.04126547455295736
