pred,counts,frac
A107C,112,0.15405777166437415
A124C,246,0.33837689133425036
A30C,67,0.0921595598349381
A78C,116,0.15955983493810177
Q62C,115,0.15818431911966988
S129C,48,0.06602475928473177
S42C,23,0.03163686382393398
