pred,counts,frac
A107C,113,0.23640167364016737
A30C,59,0.12343096234309624
A78C,123,0.25732217573221755
Q62C,144,0.301255230125523
S42C,39,0.08158995815899582
