pred,counts,frac
A107C,115,0.2405857740585774
A30C,62,0.1297071129707113
A78C,124,0.2594142259414226
Q62C,138,0.28870292887029286
S42C,39,0.08158995815899582
